sku_id,product_name,category_id,brand,unit_cost,selling_price,currency,preferred_supplier_id,velocity_tier
SKU_00001,HyperTech Electronics Item 1,Electronics,HyperTech,180.11,338.43,USD,SUPP_001,MEDIUM
SKU_00002,SoleCraft Fashion Item 2,Fashion,SoleCraft,59.5,126.14,USD,SUPP_002,SLOW
SKU_00003,LuxeEssence Beauty Item 3,Beauty,LuxeEssence,18.74,48.8,USD,SUPP_003,SLOW
SKU_00004,ChefCraft Home Item 4,Home,ChefCraft,94.31,183.75,USD,SUPP_004,MEDIUM
SKU_00005,IronCore Sports Item 5,Sports,IronCore,23.75,46.22,USD,SUPP_005,SLOW
SKU_00006,VitalOrganics Grocery Item 6,Grocery,VitalOrganics,22.96,30.89,USD,SUPP_006,SLOW
SKU_00007,OptiView Electronics Item 7,Electronics,OptiView,108.86,180.84,USD,SUPP_007,MEDIUM
SKU_00008,UrbanFit Fashion Item 8,Fashion,UrbanFit,38.5,95.93,USD,SUPP_008,MEDIUM
SKU_00009,PureGlow Beauty Item 9,Beauty,PureGlow,13.53,58.5,USD,SUPP_009,SLOW
SKU_00010,NestHaven Home Item 10,Home,NestHaven,81.95,174.3,USD,SUPP_010,HIGH
SKU_00011,IronCore Sports Item 11,Sports,IronCore,71.51,132.82,USD,SUPP_011,MEDIUM
SKU_00012,DailyBite Grocery Item 12,Grocery,DailyBite,11.07,16.55,USD,SUPP_012,HIGH
SKU_00013,HyperTech Electronics Item 13,Electronics,HyperTech,258.01,427.53,USD,SUPP_013,SLOW
SKU_00014,Loom & Thread Fashion Item 14,Fashion,Loom & Thread,47.97,145.54,USD,SUPP_014,SLOW
SKU_00015,DermaCare Beauty Item 15,Beauty,DermaCare,36.83,130.34,USD,SUPP_015,SLOW
SKU_00016,NordicLiving Home Item 16,Home,NordicLiving,104.28,196.06,USD,SUPP_016,SLOW
SKU_00017,TrailMaster Sports Item 17,Sports,TrailMaster,53.45,101.04,USD,SUPP_017,SLOW
SKU_00018,VitalOrganics Grocery Item 18,Grocery,VitalOrganics,11.77,19.22,USD,SUPP_018,SLOW
SKU_00019,OptiView Electronics Item 19,Electronics,OptiView,77.93,123.26,USD,SUPP_019,HIGH
SKU_00020,AeroStyle Fashion Item 20,Fashion,AeroStyle,17.96,36.28,USD,SUPP_020,HIGH
SKU_00021,LuxeEssence Beauty Item 21,Beauty,LuxeEssence,20.69,61.12,USD,SUPP_001,SLOW
SKU_00022,ArtisanWood Home Item 22,Home,ArtisanWood,77.84,130.05,USD,SUPP_002,SLOW
SKU_00023,IronCore Sports Item 23,Sports,IronCore,66.84,157.92,USD,SUPP_003,SLOW
SKU_00024,VitalOrganics Grocery Item 24,Grocery,VitalOrganics,24.6,37.45,USD,SUPP_004,SLOW
SKU_00025,HyperTech Electronics Item 25,Electronics,HyperTech,235.59,453.64,USD,SUPP_005,SLOW
SKU_00026,Loom & Thread Fashion Item 26,Fashion,Loom & Thread,45.48,147.97,USD,SUPP_006,SLOW
SKU_00027,LuxeEssence Beauty Item 27,Beauty,LuxeEssence,35.34,93.7,USD,SUPP_007,SLOW
SKU_00028,ArtisanWood Home Item 28,Home,ArtisanWood,91.9,179.5,USD,SUPP_008,MEDIUM
SKU_00029,TrailMaster Sports Item 29,Sports,TrailMaster,63.02,177.0,USD,SUPP_009,HIGH
SKU_00030,DailyBite Grocery Item 30,Grocery,DailyBite,24.66,34.89,USD,SUPP_010,MEDIUM
SKU_00031,HyperTech Electronics Item 31,Electronics,HyperTech,232.5,368.64,USD,SUPP_011,MEDIUM
SKU_00032,AeroStyle Fashion Item 32,Fashion,AeroStyle,14.44,29.36,USD,SUPP_012,MEDIUM
SKU_00033,LuxeEssence Beauty Item 33,Beauty,LuxeEssence,22.14,109.12,USD,SUPP_013,INTERMITTENT
SKU_00034,ArtisanWood Home Item 34,Home,ArtisanWood,63.82,157.81,USD,SUPP_014,MEDIUM
SKU_00035,PeakPerformance Sports Item 35,Sports,PeakPerformance,73.91,138.66,USD,SUPP_015,HIGH
SKU_00036,VitalOrganics Grocery Item 36,Grocery,VitalOrganics,15.22,24.17,USD,SUPP_016,MEDIUM
SKU_00037,SoundPulse Electronics Item 37,Electronics,SoundPulse,252.1,363.99,USD,SUPP_017,MEDIUM
SKU_00038,SoleCraft Fashion Item 38,Fashion,SoleCraft,27.38,55.85,USD,SUPP_018,SLOW
SKU_00039,DermaCare Beauty Item 39,Beauty,DermaCare,28.64,111.29,USD,SUPP_019,SLOW
SKU_00040,NestHaven Home Item 40,Home,NestHaven,96.24,225.43,USD,SUPP_020,SLOW
SKU_00041,TrailMaster Sports Item 41,Sports,TrailMaster,74.47,137.85,USD,SUPP_001,SLOW
SKU_00042,DailyBite Grocery Item 42,Grocery,DailyBite,8.16,12.43,USD,SUPP_002,MEDIUM
SKU_00043,VoltMax Electronics Item 43,Electronics,VoltMax,31.22,52.29,USD,SUPP_003,SLOW
SKU_00044,SoleCraft Fashion Item 44,Fashion,SoleCraft,43.22,87.48,USD,SUPP_004,MEDIUM
SKU_00045,BioBotanicals Beauty Item 45,Beauty,BioBotanicals,36.35,136.82,USD,SUPP_005,HIGH
SKU_00046,ChefCraft Home Item 46,Home,ChefCraft,39.95,93.03,USD,SUPP_006,HIGH
SKU_00047,TrailMaster Sports Item 47,Sports,TrailMaster,78.56,160.26,USD,SUPP_007,SLOW
SKU_00048,VitalOrganics Grocery Item 48,Grocery,VitalOrganics,15.99,23.16,USD,SUPP_008,SLOW
SKU_00049,VoltMax Electronics Item 49,Electronics,VoltMax,269.37,406.61,USD,SUPP_009,MEDIUM
SKU_00050,Loom & Thread Fashion Item 50,Fashion,Loom & Thread,12.41,28.75,USD,SUPP_010,SLOW
SKU_00051,DermaCare Beauty Item 51,Beauty,DermaCare,33.26,166.09,USD,SUPP_011,MEDIUM
SKU_00052,NordicLiving Home Item 52,Home,NordicLiving,46.12,88.96,USD,SUPP_012,SLOW
SKU_00053,TrailMaster Sports Item 53,Sports,TrailMaster,56.84,162.18,USD,SUPP_013,MEDIUM
SKU_00054,NatureHarvest Grocery Item 54,Grocery,NatureHarvest,18.42,27.88,USD,SUPP_014,MEDIUM
SKU_00055,VoltMax Electronics Item 55,Electronics,VoltMax,277.13,461.41,USD,SUPP_015,MEDIUM
SKU_00056,Loom & Thread Fashion Item 56,Fashion,Loom & Thread,14.99,35.11,USD,SUPP_016,SLOW
SKU_00057,PureGlow Beauty Item 57,Beauty,PureGlow,12.07,30.44,USD,SUPP_017,MEDIUM
SKU_00058,NestHaven Home Item 58,Home,NestHaven,62.59,132.3,USD,SUPP_018,HIGH
SKU_00059,AquaPulse Sports Item 59,Sports,AquaPulse,44.79,125.06,USD,SUPP_019,HIGH
SKU_00060,VitalOrganics Grocery Item 60,Grocery,VitalOrganics,19.54,29.21,USD,SUPP_020,NEW_LAUNCH
SKU_00061,HyperTech Electronics Item 61,Electronics,HyperTech,272.19,416.84,USD,SUPP_001,INTERMITTENT
SKU_00062,Loom & Thread Fashion Item 62,Fashion,Loom & Thread,24.92,78.32,USD,SUPP_002,SLOW
SKU_00063,DermaCare Beauty Item 63,Beauty,DermaCare,30.98,109.92,USD,SUPP_003,MEDIUM
SKU_00064,NordicLiving Home Item 64,Home,NordicLiving,83.61,154.8,USD,SUPP_004,NEW_LAUNCH
SKU_00065,AquaPulse Sports Item 65,Sports,AquaPulse,37.15,71.59,USD,SUPP_005,SLOW
SKU_00066,NatureHarvest Grocery Item 66,Grocery,NatureHarvest,22.23,31.42,USD,SUPP_006,SLOW
SKU_00067,VoltMax Electronics Item 67,Electronics,VoltMax,243.83,448.85,USD,SUPP_007,MEDIUM
SKU_00068,AeroStyle Fashion Item 68,Fashion,AeroStyle,30.8,76.1,USD,SUPP_008,MEDIUM
SKU_00069,BioBotanicals Beauty Item 69,Beauty,BioBotanicals,28.61,120.68,USD,SUPP_009,HIGH
SKU_00070,ArtisanWood Home Item 70,Home,ArtisanWood,109.77,248.08,USD,SUPP_010,INTERMITTENT
SKU_00071,IronCore Sports Item 71,Sports,IronCore,55.85,105.45,USD,SUPP_011,SLOW
SKU_00072,NatureHarvest Grocery Item 72,Grocery,NatureHarvest,17.36,28.61,USD,SUPP_012,MEDIUM
SKU_00073,HyperTech Electronics Item 73,Electronics,HyperTech,146.9,212.03,USD,SUPP_013,MEDIUM
SKU_00074,AeroStyle Fashion Item 74,Fashion,AeroStyle,57.91,120.8,USD,SUPP_014,SLOW
SKU_00075,DermaCare Beauty Item 75,Beauty,DermaCare,13.61,35.18,USD,SUPP_015,MEDIUM
SKU_00076,NestHaven Home Item 76,Home,NestHaven,62.79,126.39,USD,SUPP_016,INTERMITTENT
SKU_00077,AquaPulse Sports Item 77,Sports,AquaPulse,15.97,30.26,USD,SUPP_017,SLOW
SKU_00078,VitalOrganics Grocery Item 78,Grocery,VitalOrganics,11.46,15.47,USD,SUPP_018,SLOW
SKU_00079,HyperTech Electronics Item 79,Electronics,HyperTech,85.9,134.31,USD,SUPP_019,MEDIUM
SKU_00080,AeroStyle Fashion Item 80,Fashion,AeroStyle,28.49,68.37,USD,SUPP_020,SLOW
SKU_00081,PureGlow Beauty Item 81,Beauty,PureGlow,8.92,39.22,USD,SUPP_001,SLOW
SKU_00082,NestHaven Home Item 82,Home,NestHaven,15.13,30.36,USD,SUPP_002,SLOW
SKU_00083,IronCore Sports Item 83,Sports,IronCore,37.98,81.9,USD,SUPP_003,HIGH
SKU_00084,VitalOrganics Grocery Item 84,Grocery,VitalOrganics,20.17,32.33,USD,SUPP_004,MEDIUM
SKU_00085,OptiView Electronics Item 85,Electronics,OptiView,117.07,179.69,USD,SUPP_005,HIGH
SKU_00086,Loom & Thread Fashion Item 86,Fashion,Loom & Thread,32.95,90.68,USD,SUPP_006,SLOW
SKU_00087,DermaCare Beauty Item 87,Beauty,DermaCare,16.58,77.5,USD,SUPP_007,MEDIUM
SKU_00088,NestHaven Home Item 88,Home,NestHaven,20.1,39.58,USD,SUPP_008,HIGH
SKU_00089,AquaPulse Sports Item 89,Sports,AquaPulse,23.74,43.92,USD,SUPP_009,HIGH
SKU_00090,DailyBite Grocery Item 90,Grocery,DailyBite,6.04,9.87,USD,SUPP_010,SLOW
SKU_00091,VoltMax Electronics Item 91,Electronics,VoltMax,80.85,116.54,USD,SUPP_011,MEDIUM
SKU_00092,UrbanFit Fashion Item 92,Fashion,UrbanFit,13.75,36.57,USD,SUPP_012,INTERMITTENT
SKU_00093,DermaCare Beauty Item 93,Beauty,DermaCare,24.92,88.38,USD,SUPP_013,SLOW
SKU_00094,NestHaven Home Item 94,Home,NestHaven,104.19,173.92,USD,SUPP_014,MEDIUM
SKU_00095,IronCore Sports Item 95,Sports,IronCore,60.29,116.51,USD,SUPP_015,SLOW
SKU_00096,FarmSelect Grocery Item 96,Grocery,FarmSelect,20.0,32.17,USD,SUPP_016,HIGH
SKU_00097,SoundPulse Electronics Item 97,Electronics,SoundPulse,278.07,456.52,USD,SUPP_017,NEW_LAUNCH
SKU_00098,Loom & Thread Fashion Item 98,Fashion,Loom & Thread,39.38,129.94,USD,SUPP_018,SLOW
SKU_00099,PureGlow Beauty Item 99,Beauty,PureGlow,33.46,99.49,USD,SUPP_019,SLOW
SKU_00100,ChefCraft Home Item 100,Home,ChefCraft,98.92,206.15,USD,SUPP_020,HIGH
SKU_00101,IronCore Sports Item 101,Sports,IronCore,44.29,91.04,USD,SUPP_001,SLOW
SKU_00102,NatureHarvest Grocery Item 102,Grocery,NatureHarvest,4.72,6.33,USD,SUPP_002,SLOW
SKU_00103,OptiView Electronics Item 103,Electronics,OptiView,35.14,52.69,USD,SUPP_003,INTERMITTENT
SKU_00104,Loom & Thread Fashion Item 104,Fashion,Loom & Thread,45.71,127.55,USD,SUPP_004,SLOW
SKU_00105,DermaCare Beauty Item 105,Beauty,DermaCare,16.1,72.52,USD,SUPP_005,SLOW
SKU_00106,NordicLiving Home Item 106,Home,NordicLiving,77.35,134.57,USD,SUPP_006,MEDIUM
SKU_00107,AquaPulse Sports Item 107,Sports,AquaPulse,66.06,128.17,USD,SUPP_007,MEDIUM
SKU_00108,NatureHarvest Grocery Item 108,Grocery,NatureHarvest,14.16,23.55,USD,SUPP_008,SLOW
SKU_00109,SoundPulse Electronics Item 109,Electronics,SoundPulse,34.48,68.77,USD,SUPP_009,MEDIUM
SKU_00110,UrbanFit Fashion Item 110,Fashion,UrbanFit,38.4,80.91,USD,SUPP_010,HIGH
SKU_00111,LuxeEssence Beauty Item 111,Beauty,LuxeEssence,35.81,122.32,USD,SUPP_011,SLOW
SKU_00112,ArtisanWood Home Item 112,Home,ArtisanWood,80.29,147.22,USD,SUPP_012,INTERMITTENT
SKU_00113,TrailMaster Sports Item 113,Sports,TrailMaster,58.38,118.89,USD,SUPP_013,HIGH
SKU_00114,NatureHarvest Grocery Item 114,Grocery,NatureHarvest,17.6,28.18,USD,SUPP_014,SLOW
SKU_00115,VoltMax Electronics Item 115,Electronics,VoltMax,190.84,291.92,USD,SUPP_015,HIGH
SKU_00116,UrbanFit Fashion Item 116,Fashion,UrbanFit,53.44,118.95,USD,SUPP_016,SLOW
SKU_00117,LuxeEssence Beauty Item 117,Beauty,LuxeEssence,24.37,75.97,USD,SUPP_017,MEDIUM
SKU_00118,NordicLiving Home Item 118,Home,NordicLiving,86.15,189.4,USD,SUPP_018,SLOW
SKU_00119,AquaPulse Sports Item 119,Sports,AquaPulse,71.16,201.41,USD,SUPP_019,SLOW
SKU_00120,DailyBite Grocery Item 120,Grocery,DailyBite,12.22,18.16,USD,SUPP_020,SLOW
SKU_00121,HyperTech Electronics Item 121,Electronics,HyperTech,244.93,410.99,USD,SUPP_001,HIGH
SKU_00122,UrbanFit Fashion Item 122,Fashion,UrbanFit,29.21,60.7,USD,SUPP_002,INTERMITTENT
SKU_00123,BioBotanicals Beauty Item 123,Beauty,BioBotanicals,18.83,71.47,USD,SUPP_003,MEDIUM
SKU_00124,ArtisanWood Home Item 124,Home,ArtisanWood,30.68,75.25,USD,SUPP_004,HIGH
SKU_00125,IronCore Sports Item 125,Sports,IronCore,27.56,72.87,USD,SUPP_005,SLOW
SKU_00126,NatureHarvest Grocery Item 126,Grocery,NatureHarvest,23.08,32.14,USD,SUPP_006,MEDIUM
SKU_00127,SoundPulse Electronics Item 127,Electronics,SoundPulse,228.04,434.92,USD,SUPP_007,SLOW
SKU_00128,Loom & Thread Fashion Item 128,Fashion,Loom & Thread,27.71,69.87,USD,SUPP_008,SLOW
SKU_00129,PureGlow Beauty Item 129,Beauty,PureGlow,30.59,125.67,USD,SUPP_009,MEDIUM
SKU_00130,NordicLiving Home Item 130,Home,NordicLiving,74.84,129.24,USD,SUPP_010,NEW_LAUNCH
SKU_00131,AquaPulse Sports Item 131,Sports,AquaPulse,79.51,203.67,USD,SUPP_011,MEDIUM
SKU_00132,FarmSelect Grocery Item 132,Grocery,FarmSelect,5.2,7.23,USD,SUPP_012,SLOW
SKU_00133,SoundPulse Electronics Item 133,Electronics,SoundPulse,36.25,71.9,USD,SUPP_013,MEDIUM
SKU_00134,AeroStyle Fashion Item 134,Fashion,AeroStyle,27.61,77.53,USD,SUPP_014,INTERMITTENT
SKU_00135,BioBotanicals Beauty Item 135,Beauty,BioBotanicals,18.81,55.95,USD,SUPP_015,MEDIUM
SKU_00136,ArtisanWood Home Item 136,Home,ArtisanWood,78.92,163.12,USD,SUPP_016,HIGH
SKU_00137,IronCore Sports Item 137,Sports,IronCore,58.94,162.4,USD,SUPP_017,MEDIUM
SKU_00138,VitalOrganics Grocery Item 138,Grocery,VitalOrganics,13.29,18.45,USD,SUPP_018,NEW_LAUNCH
SKU_00139,SoundPulse Electronics Item 139,Electronics,SoundPulse,136.41,202.46,USD,SUPP_019,INTERMITTENT
SKU_00140,Loom & Thread Fashion Item 140,Fashion,Loom & Thread,16.47,45.36,USD,SUPP_020,SLOW
SKU_00141,PureGlow Beauty Item 141,Beauty,PureGlow,38.42,109.37,USD,SUPP_001,INTERMITTENT
SKU_00142,ChefCraft Home Item 142,Home,ChefCraft,25.39,56.51,USD,SUPP_002,INTERMITTENT
SKU_00143,TrailMaster Sports Item 143,Sports,TrailMaster,33.69,66.11,USD,SUPP_003,SLOW
SKU_00144,FarmSelect Grocery Item 144,Grocery,FarmSelect,7.09,10.56,USD,SUPP_004,MEDIUM
SKU_00145,VoltMax Electronics Item 145,Electronics,VoltMax,100.05,144.8,USD,SUPP_005,SLOW
SKU_00146,Loom & Thread Fashion Item 146,Fashion,Loom & Thread,33.04,107.23,USD,SUPP_006,SLOW
SKU_00147,PureGlow Beauty Item 147,Beauty,PureGlow,22.34,59.12,USD,SUPP_007,MEDIUM
SKU_00148,NordicLiving Home Item 148,Home,NordicLiving,41.51,76.72,USD,SUPP_008,HIGH
SKU_00149,IronCore Sports Item 149,Sports,IronCore,80.38,217.44,USD,SUPP_009,SLOW
SKU_00150,FarmSelect Grocery Item 150,Grocery,FarmSelect,24.66,40.92,USD,SUPP_010,MEDIUM
SKU_00151,SoundPulse Electronics Item 151,Electronics,SoundPulse,49.39,73.45,USD,SUPP_011,INTERMITTENT
SKU_00152,SoleCraft Fashion Item 152,Fashion,SoleCraft,23.83,61.19,USD,SUPP_012,MEDIUM
SKU_00153,DermaCare Beauty Item 153,Beauty,DermaCare,34.6,125.07,USD,SUPP_013,HIGH
SKU_00154,NestHaven Home Item 154,Home,NestHaven,71.95,126.91,USD,SUPP_014,SLOW
SKU_00155,PeakPerformance Sports Item 155,Sports,PeakPerformance,24.5,64.54,USD,SUPP_015,MEDIUM
SKU_00156,VitalOrganics Grocery Item 156,Grocery,VitalOrganics,15.85,24.78,USD,SUPP_016,MEDIUM
SKU_00157,OptiView Electronics Item 157,Electronics,OptiView,130.24,210.39,USD,SUPP_017,SLOW
SKU_00158,Loom & Thread Fashion Item 158,Fashion,Loom & Thread,47.52,137.53,USD,SUPP_018,INTERMITTENT
SKU_00159,PureGlow Beauty Item 159,Beauty,PureGlow,37.95,100.97,USD,SUPP_019,MEDIUM
SKU_00160,NestHaven Home Item 160,Home,NestHaven,109.09,188.11,USD,SUPP_020,MEDIUM
SKU_00161,IronCore Sports Item 161,Sports,IronCore,78.03,151.78,USD,SUPP_001,SLOW
SKU_00162,VitalOrganics Grocery Item 162,Grocery,VitalOrganics,12.1,17.73,USD,SUPP_002,NEW_LAUNCH
SKU_00163,VoltMax Electronics Item 163,Electronics,VoltMax,221.77,418.64,USD,SUPP_003,SLOW
SKU_00164,UrbanFit Fashion Item 164,Fashion,UrbanFit,53.48,123.76,USD,SUPP_004,HIGH
SKU_00165,LuxeEssence Beauty Item 165,Beauty,LuxeEssence,13.69,39.0,USD,SUPP_005,HIGH
SKU_00166,NordicLiving Home Item 166,Home,NordicLiving,31.93,77.5,USD,SUPP_006,MEDIUM
SKU_00167,PeakPerformance Sports Item 167,Sports,PeakPerformance,72.63,162.68,USD,SUPP_007,HIGH
SKU_00168,FarmSelect Grocery Item 168,Grocery,FarmSelect,13.79,20.57,USD,SUPP_008,SLOW
SKU_00169,SoundPulse Electronics Item 169,Electronics,SoundPulse,147.33,218.7,USD,SUPP_009,HIGH
SKU_00170,AeroStyle Fashion Item 170,Fashion,AeroStyle,14.53,46.94,USD,SUPP_010,SLOW
SKU_00171,PureGlow Beauty Item 171,Beauty,PureGlow,38.36,104.44,USD,SUPP_011,SLOW
SKU_00172,ChefCraft Home Item 172,Home,ChefCraft,73.21,131.09,USD,SUPP_012,SLOW
SKU_00173,PeakPerformance Sports Item 173,Sports,PeakPerformance,14.34,27.25,USD,SUPP_013,MEDIUM
SKU_00174,VitalOrganics Grocery Item 174,Grocery,VitalOrganics,23.17,33.02,USD,SUPP_014,SLOW
SKU_00175,HyperTech Electronics Item 175,Electronics,HyperTech,155.55,250.92,USD,SUPP_015,SLOW
SKU_00176,AeroStyle Fashion Item 176,Fashion,AeroStyle,35.66,77.09,USD,SUPP_016,SLOW
SKU_00177,BioBotanicals Beauty Item 177,Beauty,BioBotanicals,33.64,133.66,USD,SUPP_017,HIGH
SKU_00178,ArtisanWood Home Item 178,Home,ArtisanWood,64.22,112.78,USD,SUPP_018,HIGH
SKU_00179,AquaPulse Sports Item 179,Sports,AquaPulse,38.63,71.54,USD,SUPP_019,INTERMITTENT
SKU_00180,FarmSelect Grocery Item 180,Grocery,FarmSelect,10.53,16.69,USD,SUPP_020,MEDIUM
SKU_00181,OptiView Electronics Item 181,Electronics,OptiView,232.73,429.97,USD,SUPP_001,MEDIUM
SKU_00182,AeroStyle Fashion Item 182,Fashion,AeroStyle,19.02,60.33,USD,SUPP_002,SLOW
SKU_00183,LuxeEssence Beauty Item 183,Beauty,LuxeEssence,27.37,68.5,USD,SUPP_003,SLOW
SKU_00184,ChefCraft Home Item 184,Home,ChefCraft,119.3,219.37,USD,SUPP_004,NEW_LAUNCH
SKU_00185,AquaPulse Sports Item 185,Sports,AquaPulse,47.74,91.07,USD,SUPP_005,MEDIUM
SKU_00186,NatureHarvest Grocery Item 186,Grocery,NatureHarvest,6.35,9.69,USD,SUPP_006,INTERMITTENT
SKU_00187,SoundPulse Electronics Item 187,Electronics,SoundPulse,278.9,438.41,USD,SUPP_007,HIGH
SKU_00188,Loom & Thread Fashion Item 188,Fashion,Loom & Thread,45.76,112.22,USD,SUPP_008,SLOW
SKU_00189,DermaCare Beauty Item 189,Beauty,DermaCare,25.99,85.09,USD,SUPP_009,SLOW
SKU_00190,NordicLiving Home Item 190,Home,NordicLiving,114.76,215.93,USD,SUPP_010,HIGH
SKU_00191,TrailMaster Sports Item 191,Sports,TrailMaster,64.89,170.41,USD,SUPP_011,HIGH
SKU_00192,NatureHarvest Grocery Item 192,Grocery,NatureHarvest,3.89,5.7,USD,SUPP_012,MEDIUM
SKU_00193,SoundPulse Electronics Item 193,Electronics,SoundPulse,232.4,463.28,USD,SUPP_013,NEW_LAUNCH
SKU_00194,SoleCraft Fashion Item 194,Fashion,SoleCraft,35.63,96.82,USD,SUPP_014,SLOW
SKU_00195,PureGlow Beauty Item 195,Beauty,PureGlow,38.16,116.79,USD,SUPP_015,INTERMITTENT
SKU_00196,ChefCraft Home Item 196,Home,ChefCraft,92.54,178.18,USD,SUPP_016,SLOW
SKU_00197,AquaPulse Sports Item 197,Sports,AquaPulse,68.14,152.03,USD,SUPP_017,SLOW
SKU_00198,DailyBite Grocery Item 198,Grocery,DailyBite,22.96,33.42,USD,SUPP_018,SLOW
SKU_00199,VoltMax Electronics Item 199,Electronics,VoltMax,122.44,198.0,USD,SUPP_019,HIGH
SKU_00200,AeroStyle Fashion Item 200,Fashion,AeroStyle,30.88,65.03,USD,SUPP_020,HIGH
SKU_00201,BioBotanicals Beauty Item 201,Beauty,BioBotanicals,28.36,105.47,USD,SUPP_001,SLOW
SKU_00202,NestHaven Home Item 202,Home,NestHaven,84.61,141.95,USD,SUPP_002,SLOW
SKU_00203,AquaPulse Sports Item 203,Sports,AquaPulse,27.43,69.55,USD,SUPP_003,MEDIUM
SKU_00204,VitalOrganics Grocery Item 204,Grocery,VitalOrganics,21.93,30.76,USD,SUPP_004,SLOW
SKU_00205,HyperTech Electronics Item 205,Electronics,HyperTech,64.93,100.67,USD,SUPP_005,SLOW
SKU_00206,AeroStyle Fashion Item 206,Fashion,AeroStyle,15.21,34.31,USD,SUPP_006,INTERMITTENT
SKU_00207,DermaCare Beauty Item 207,Beauty,DermaCare,36.86,102.53,USD,SUPP_007,SLOW
SKU_00208,NordicLiving Home Item 208,Home,NordicLiving,71.92,156.44,USD,SUPP_008,MEDIUM
SKU_00209,AquaPulse Sports Item 209,Sports,AquaPulse,59.58,119.4,USD,SUPP_009,MEDIUM
SKU_00210,FarmSelect Grocery Item 210,Grocery,FarmSelect,16.76,23.88,USD,SUPP_010,MEDIUM
SKU_00211,OptiView Electronics Item 211,Electronics,OptiView,137.91,244.99,USD,SUPP_011,SLOW
SKU_00212,SoleCraft Fashion Item 212,Fashion,SoleCraft,9.21,21.93,USD,SUPP_012,INTERMITTENT
SKU_00213,LuxeEssence Beauty Item 213,Beauty,LuxeEssence,26.36,84.7,USD,SUPP_013,SLOW
SKU_00214,ArtisanWood Home Item 214,Home,ArtisanWood,113.27,263.91,USD,SUPP_014,MEDIUM
SKU_00215,IronCore Sports Item 215,Sports,IronCore,54.47,120.5,USD,SUPP_015,MEDIUM
SKU_00216,VitalOrganics Grocery Item 216,Grocery,VitalOrganics,16.91,24.16,USD,SUPP_016,SLOW
SKU_00217,HyperTech Electronics Item 217,Electronics,HyperTech,276.42,536.5,USD,SUPP_017,SLOW
SKU_00218,UrbanFit Fashion Item 218,Fashion,UrbanFit,51.85,170.36,USD,SUPP_018,HIGH
SKU_00219,PureGlow Beauty Item 219,Beauty,PureGlow,31.76,128.33,USD,SUPP_019,HIGH
SKU_00220,NordicLiving Home Item 220,Home,NordicLiving,65.46,128.68,USD,SUPP_020,SLOW
SKU_00221,TrailMaster Sports Item 221,Sports,TrailMaster,62.3,126.59,USD,SUPP_001,HIGH
SKU_00222,NatureHarvest Grocery Item 222,Grocery,NatureHarvest,8.67,13.09,USD,SUPP_002,SLOW
SKU_00223,SoundPulse Electronics Item 223,Electronics,SoundPulse,89.09,165.97,USD,SUPP_003,MEDIUM
SKU_00224,Loom & Thread Fashion Item 224,Fashion,Loom & Thread,52.75,113.09,USD,SUPP_004,HIGH
SKU_00225,DermaCare Beauty Item 225,Beauty,DermaCare,16.76,69.69,USD,SUPP_005,INTERMITTENT
SKU_00226,NestHaven Home Item 226,Home,NestHaven,103.11,180.16,USD,SUPP_006,MEDIUM
SKU_00227,TrailMaster Sports Item 227,Sports,TrailMaster,21.02,44.54,USD,SUPP_007,MEDIUM
SKU_00228,FarmSelect Grocery Item 228,Grocery,FarmSelect,24.97,34.63,USD,SUPP_008,MEDIUM
SKU_00229,HyperTech Electronics Item 229,Electronics,HyperTech,144.16,250.25,USD,SUPP_009,HIGH
SKU_00230,UrbanFit Fashion Item 230,Fashion,UrbanFit,56.51,185.99,USD,SUPP_010,HIGH
SKU_00231,LuxeEssence Beauty Item 231,Beauty,LuxeEssence,9.83,40.64,USD,SUPP_011,HIGH
SKU_00232,NestHaven Home Item 232,Home,NestHaven,43.42,102.64,USD,SUPP_012,MEDIUM
SKU_00233,PeakPerformance Sports Item 233,Sports,PeakPerformance,20.72,54.03,USD,SUPP_013,HIGH
SKU_00234,DailyBite Grocery Item 234,Grocery,DailyBite,6.88,10.02,USD,SUPP_014,SLOW
SKU_00235,OptiView Electronics Item 235,Electronics,OptiView,165.21,293.57,USD,SUPP_015,SLOW
SKU_00236,AeroStyle Fashion Item 236,Fashion,AeroStyle,41.94,139.06,USD,SUPP_016,MEDIUM
SKU_00237,PureGlow Beauty Item 237,Beauty,PureGlow,23.08,60.58,USD,SUPP_017,MEDIUM
SKU_00238,ArtisanWood Home Item 238,Home,ArtisanWood,91.42,225.91,USD,SUPP_018,SLOW
SKU_00239,IronCore Sports Item 239,Sports,IronCore,47.97,103.15,USD,SUPP_019,INTERMITTENT
SKU_00240,VitalOrganics Grocery Item 240,Grocery,VitalOrganics,4.13,6.36,USD,SUPP_020,INTERMITTENT
SKU_00241,HyperTech Electronics Item 241,Electronics,HyperTech,242.62,454.71,USD,SUPP_001,HIGH
SKU_00242,Loom & Thread Fashion Item 242,Fashion,Loom & Thread,50.7,121.68,USD,SUPP_002,MEDIUM
SKU_00243,DermaCare Beauty Item 243,Beauty,DermaCare,31.21,130.19,USD,SUPP_003,MEDIUM
SKU_00244,ChefCraft Home Item 244,Home,ChefCraft,66.58,158.0,USD,SUPP_004,MEDIUM
SKU_00245,IronCore Sports Item 245,Sports,IronCore,80.57,151.8,USD,SUPP_005,SLOW
SKU_00246,NatureHarvest Grocery Item 246,Grocery,NatureHarvest,6.38,9.52,USD,SUPP_006,MEDIUM
SKU_00247,SoundPulse Electronics Item 247,Electronics,SoundPulse,44.26,63.24,USD,SUPP_007,HIGH
SKU_00248,UrbanFit Fashion Item 248,Fashion,UrbanFit,30.69,88.94,USD,SUPP_008,MEDIUM
SKU_00249,PureGlow Beauty Item 249,Beauty,PureGlow,27.83,118.24,USD,SUPP_009,SLOW
SKU_00250,NestHaven Home Item 250,Home,NestHaven,32.64,57.2,USD,SUPP_010,HIGH
SKU_00251,PeakPerformance Sports Item 251,Sports,PeakPerformance,76.2,172.32,USD,SUPP_011,SLOW
SKU_00252,FarmSelect Grocery Item 252,Grocery,FarmSelect,21.02,28.56,USD,SUPP_012,HIGH
SKU_00253,SoundPulse Electronics Item 253,Electronics,SoundPulse,229.21,353.44,USD,SUPP_013,INTERMITTENT
SKU_00254,Loom & Thread Fashion Item 254,Fashion,Loom & Thread,47.12,118.05,USD,SUPP_014,HIGH
SKU_00255,LuxeEssence Beauty Item 255,Beauty,LuxeEssence,21.26,65.13,USD,SUPP_015,SLOW
SKU_00256,ArtisanWood Home Item 256,Home,ArtisanWood,38.01,68.08,USD,SUPP_016,INTERMITTENT
SKU_00257,TrailMaster Sports Item 257,Sports,TrailMaster,21.28,39.94,USD,SUPP_017,NEW_LAUNCH
SKU_00258,FarmSelect Grocery Item 258,Grocery,FarmSelect,6.88,9.51,USD,SUPP_018,SLOW
SKU_00259,VoltMax Electronics Item 259,Electronics,VoltMax,137.6,274.15,USD,SUPP_019,SLOW
SKU_00260,SoleCraft Fashion Item 260,Fashion,SoleCraft,15.13,40.97,USD,SUPP_020,SLOW
SKU_00261,PureGlow Beauty Item 261,Beauty,PureGlow,18.75,83.34,USD,SUPP_001,SLOW
SKU_00262,ChefCraft Home Item 262,Home,ChefCraft,117.44,276.05,USD,SUPP_002,HIGH
SKU_00263,IronCore Sports Item 263,Sports,IronCore,29.22,69.77,USD,SUPP_003,SLOW
SKU_00264,NatureHarvest Grocery Item 264,Grocery,NatureHarvest,9.36,14.63,USD,SUPP_004,SLOW
SKU_00265,VoltMax Electronics Item 265,Electronics,VoltMax,178.75,334.56,USD,SUPP_005,INTERMITTENT
SKU_00266,AeroStyle Fashion Item 266,Fashion,AeroStyle,44.95,90.87,USD,SUPP_006,SLOW
SKU_00267,LuxeEssence Beauty Item 267,Beauty,LuxeEssence,26.05,86.04,USD,SUPP_007,MEDIUM
SKU_00268,NestHaven Home Item 268,Home,NestHaven,42.32,81.97,USD,SUPP_008,SLOW
SKU_00269,IronCore Sports Item 269,Sports,IronCore,76.48,174.71,USD,SUPP_009,MEDIUM
SKU_00270,FarmSelect Grocery Item 270,Grocery,FarmSelect,11.48,16.18,USD,SUPP_010,HIGH
SKU_00271,VoltMax Electronics Item 271,Electronics,VoltMax,114.98,195.82,USD,SUPP_011,SLOW
SKU_00272,AeroStyle Fashion Item 272,Fashion,AeroStyle,43.19,88.73,USD,SUPP_012,MEDIUM
SKU_00273,DermaCare Beauty Item 273,Beauty,DermaCare,12.43,56.22,USD,SUPP_013,MEDIUM
SKU_00274,NestHaven Home Item 274,Home,NestHaven,82.86,146.5,USD,SUPP_014,MEDIUM
SKU_00275,AquaPulse Sports Item 275,Sports,AquaPulse,48.66,107.0,USD,SUPP_015,MEDIUM
SKU_00276,FarmSelect Grocery Item 276,Grocery,FarmSelect,23.58,31.82,USD,SUPP_016,MEDIUM
SKU_00277,SoundPulse Electronics Item 277,Electronics,SoundPulse,188.16,284.7,USD,SUPP_017,MEDIUM
SKU_00278,UrbanFit Fashion Item 278,Fashion,UrbanFit,43.34,94.8,USD,SUPP_018,SLOW
SKU_00279,BioBotanicals Beauty Item 279,Beauty,BioBotanicals,12.24,38.8,USD,SUPP_019,MEDIUM
SKU_00280,NestHaven Home Item 280,Home,NestHaven,33.49,58.44,USD,SUPP_020,INTERMITTENT
SKU_00281,TrailMaster Sports Item 281,Sports,TrailMaster,36.99,77.41,USD,SUPP_001,INTERMITTENT
SKU_00282,FarmSelect Grocery Item 282,Grocery,FarmSelect,4.22,6.06,USD,SUPP_002,SLOW
SKU_00283,SoundPulse Electronics Item 283,Electronics,SoundPulse,194.83,295.68,USD,SUPP_003,MEDIUM
SKU_00284,Loom & Thread Fashion Item 284,Fashion,Loom & Thread,54.2,172.57,USD,SUPP_004,SLOW
SKU_00285,LuxeEssence Beauty Item 285,Beauty,LuxeEssence,8.76,23.24,USD,SUPP_005,SLOW
SKU_00286,NestHaven Home Item 286,Home,NestHaven,80.05,139.07,USD,SUPP_006,SLOW
SKU_00287,PeakPerformance Sports Item 287,Sports,PeakPerformance,70.83,183.48,USD,SUPP_007,SLOW
SKU_00288,FarmSelect Grocery Item 288,Grocery,FarmSelect,14.57,24.26,USD,SUPP_008,SLOW
SKU_00289,SoundPulse Electronics Item 289,Electronics,SoundPulse,138.34,217.79,USD,SUPP_009,SLOW
SKU_00290,UrbanFit Fashion Item 290,Fashion,UrbanFit,57.33,149.05,USD,SUPP_010,MEDIUM
SKU_00291,BioBotanicals Beauty Item 291,Beauty,BioBotanicals,10.96,53.65,USD,SUPP_011,SLOW
SKU_00292,ArtisanWood Home Item 292,Home,ArtisanWood,67.36,134.38,USD,SUPP_012,MEDIUM
SKU_00293,IronCore Sports Item 293,Sports,IronCore,41.7,88.63,USD,SUPP_013,SLOW
SKU_00294,FarmSelect Grocery Item 294,Grocery,FarmSelect,15.86,21.7,USD,SUPP_014,INTERMITTENT
SKU_00295,OptiView Electronics Item 295,Electronics,OptiView,82.17,120.96,USD,SUPP_015,HIGH
SKU_00296,Loom & Thread Fashion Item 296,Fashion,Loom & Thread,53.04,138.8,USD,SUPP_016,SLOW
SKU_00297,LuxeEssence Beauty Item 297,Beauty,LuxeEssence,19.3,61.52,USD,SUPP_017,HIGH
SKU_00298,ChefCraft Home Item 298,Home,ChefCraft,81.48,196.5,USD,SUPP_018,SLOW
SKU_00299,AquaPulse Sports Item 299,Sports,AquaPulse,42.54,87.87,USD,SUPP_019,HIGH
SKU_00300,FarmSelect Grocery Item 300,Grocery,FarmSelect,12.92,19.43,USD,SUPP_020,INTERMITTENT
SKU_00301,SoundPulse Electronics Item 301,Electronics,SoundPulse,207.86,352.83,USD,SUPP_001,HIGH
SKU_00302,Loom & Thread Fashion Item 302,Fashion,Loom & Thread,24.68,57.28,USD,SUPP_002,NEW_LAUNCH
SKU_00303,PureGlow Beauty Item 303,Beauty,PureGlow,8.31,22.66,USD,SUPP_003,SLOW
SKU_00304,ChefCraft Home Item 304,Home,ChefCraft,90.93,174.14,USD,SUPP_004,SLOW
SKU_00305,AquaPulse Sports Item 305,Sports,AquaPulse,55.89,140.11,USD,SUPP_005,SLOW
SKU_00306,NatureHarvest Grocery Item 306,Grocery,NatureHarvest,8.66,13.83,USD,SUPP_006,SLOW
SKU_00307,HyperTech Electronics Item 307,Electronics,HyperTech,191.3,337.86,USD,SUPP_007,INTERMITTENT
SKU_00308,SoleCraft Fashion Item 308,Fashion,SoleCraft,10.73,34.51,USD,SUPP_008,MEDIUM
SKU_00309,BioBotanicals Beauty Item 309,Beauty,BioBotanicals,37.34,131.38,USD,SUPP_009,SLOW
SKU_00310,ChefCraft Home Item 310,Home,ChefCraft,15.48,26.14,USD,SUPP_010,HIGH
SKU_00311,AquaPulse Sports Item 311,Sports,AquaPulse,55.89,102.61,USD,SUPP_011,SLOW
SKU_00312,DailyBite Grocery Item 312,Grocery,DailyBite,19.36,31.12,USD,SUPP_012,MEDIUM
SKU_00313,VoltMax Electronics Item 313,Electronics,VoltMax,155.75,222.85,USD,SUPP_013,SLOW
SKU_00314,Loom & Thread Fashion Item 314,Fashion,Loom & Thread,48.91,112.73,USD,SUPP_014,SLOW
SKU_00315,BioBotanicals Beauty Item 315,Beauty,BioBotanicals,18.06,62.93,USD,SUPP_015,SLOW
SKU_00316,ArtisanWood Home Item 316,Home,ArtisanWood,43.39,76.41,USD,SUPP_016,SLOW
SKU_00317,IronCore Sports Item 317,Sports,IronCore,50.73,114.59,USD,SUPP_017,SLOW
SKU_00318,FarmSelect Grocery Item 318,Grocery,FarmSelect,24.24,40.04,USD,SUPP_018,SLOW
SKU_00319,HyperTech Electronics Item 319,Electronics,HyperTech,80.65,138.78,USD,SUPP_019,SLOW
SKU_00320,SoleCraft Fashion Item 320,Fashion,SoleCraft,53.66,126.23,USD,SUPP_020,SLOW
SKU_00321,PureGlow Beauty Item 321,Beauty,PureGlow,33.38,109.93,USD,SUPP_001,INTERMITTENT
SKU_00322,NestHaven Home Item 322,Home,NestHaven,74.26,184.01,USD,SUPP_002,HIGH
SKU_00323,TrailMaster Sports Item 323,Sports,TrailMaster,45.15,94.85,USD,SUPP_003,HIGH
SKU_00324,DailyBite Grocery Item 324,Grocery,DailyBite,12.19,16.65,USD,SUPP_004,HIGH
SKU_00325,HyperTech Electronics Item 325,Electronics,HyperTech,256.18,398.34,USD,SUPP_005,SLOW
SKU_00326,SoleCraft Fashion Item 326,Fashion,SoleCraft,23.8,73.2,USD,SUPP_006,MEDIUM
SKU_00327,PureGlow Beauty Item 327,Beauty,PureGlow,23.22,75.57,USD,SUPP_007,SLOW
SKU_00328,NestHaven Home Item 328,Home,NestHaven,87.46,154.16,USD,SUPP_008,SLOW
SKU_00329,TrailMaster Sports Item 329,Sports,TrailMaster,41.39,97.1,USD,SUPP_009,MEDIUM
SKU_00330,DailyBite Grocery Item 330,Grocery,DailyBite,3.88,5.7,USD,SUPP_010,INTERMITTENT
SKU_00331,HyperTech Electronics Item 331,Electronics,HyperTech,87.87,130.74,USD,SUPP_011,SLOW
SKU_00332,AeroStyle Fashion Item 332,Fashion,AeroStyle,17.8,41.28,USD,SUPP_012,MEDIUM
SKU_00333,PureGlow Beauty Item 333,Beauty,PureGlow,38.16,119.62,USD,SUPP_013,MEDIUM
SKU_00334,NestHaven Home Item 334,Home,NestHaven,99.94,246.69,USD,SUPP_014,MEDIUM
SKU_00335,PeakPerformance Sports Item 335,Sports,PeakPerformance,62.83,167.23,USD,SUPP_015,MEDIUM
SKU_00336,NatureHarvest Grocery Item 336,Grocery,NatureHarvest,16.95,24.72,USD,SUPP_016,HIGH
SKU_00337,VoltMax Electronics Item 337,Electronics,VoltMax,39.69,66.92,USD,SUPP_017,INTERMITTENT
SKU_00338,Loom & Thread Fashion Item 338,Fashion,Loom & Thread,59.66,193.54,USD,SUPP_018,MEDIUM
SKU_00339,LuxeEssence Beauty Item 339,Beauty,LuxeEssence,29.7,87.44,USD,SUPP_019,MEDIUM
SKU_00340,NestHaven Home Item 340,Home,NestHaven,109.81,185.81,USD,SUPP_020,SLOW
SKU_00341,IronCore Sports Item 341,Sports,IronCore,77.32,146.86,USD,SUPP_001,SLOW
SKU_00342,FarmSelect Grocery Item 342,Grocery,FarmSelect,4.32,6.91,USD,SUPP_002,INTERMITTENT
SKU_00343,HyperTech Electronics Item 343,Electronics,HyperTech,174.42,337.47,USD,SUPP_003,SLOW
SKU_00344,UrbanFit Fashion Item 344,Fashion,UrbanFit,37.51,89.19,USD,SUPP_004,SLOW
SKU_00345,BioBotanicals Beauty Item 345,Beauty,BioBotanicals,7.21,34.96,USD,SUPP_005,MEDIUM
SKU_00346,ChefCraft Home Item 346,Home,ChefCraft,47.62,84.71,USD,SUPP_006,NEW_LAUNCH
SKU_00347,TrailMaster Sports Item 347,Sports,TrailMaster,87.22,164.21,USD,SUPP_007,SLOW
SKU_00348,VitalOrganics Grocery Item 348,Grocery,VitalOrganics,22.08,34.3,USD,SUPP_008,NEW_LAUNCH
SKU_00349,OptiView Electronics Item 349,Electronics,OptiView,293.49,552.12,USD,SUPP_009,HIGH
SKU_00350,SoleCraft Fashion Item 350,Fashion,SoleCraft,57.06,120.22,USD,SUPP_010,INTERMITTENT
SKU_00351,BioBotanicals Beauty Item 351,Beauty,BioBotanicals,24.1,82.73,USD,SUPP_011,SLOW
SKU_00352,ArtisanWood Home Item 352,Home,ArtisanWood,109.39,269.67,USD,SUPP_012,HIGH
SKU_00353,IronCore Sports Item 353,Sports,IronCore,49.67,108.28,USD,SUPP_013,SLOW
SKU_00354,DailyBite Grocery Item 354,Grocery,DailyBite,11.5,16.53,USD,SUPP_014,SLOW
SKU_00355,VoltMax Electronics Item 355,Electronics,VoltMax,54.23,79.22,USD,SUPP_015,HIGH
SKU_00356,Loom & Thread Fashion Item 356,Fashion,Loom & Thread,48.55,118.19,USD,SUPP_016,SLOW
SKU_00357,PureGlow Beauty Item 357,Beauty,PureGlow,26.43,67.26,USD,SUPP_017,SLOW
SKU_00358,ArtisanWood Home Item 358,Home,ArtisanWood,31.54,56.44,USD,SUPP_018,MEDIUM
SKU_00359,IronCore Sports Item 359,Sports,IronCore,29.06,65.03,USD,SUPP_019,SLOW
SKU_00360,FarmSelect Grocery Item 360,Grocery,FarmSelect,23.6,39.11,USD,SUPP_020,MEDIUM
SKU_00361,VoltMax Electronics Item 361,Electronics,VoltMax,43.26,64.64,USD,SUPP_001,MEDIUM
SKU_00362,UrbanFit Fashion Item 362,Fashion,UrbanFit,11.29,24.49,USD,SUPP_002,INTERMITTENT
SKU_00363,PureGlow Beauty Item 363,Beauty,PureGlow,36.94,126.27,USD,SUPP_003,SLOW
SKU_00364,NordicLiving Home Item 364,Home,NordicLiving,80.73,144.26,USD,SUPP_004,HIGH
SKU_00365,TrailMaster Sports Item 365,Sports,TrailMaster,60.19,159.58,USD,SUPP_005,NEW_LAUNCH
SKU_00366,FarmSelect Grocery Item 366,Grocery,FarmSelect,23.87,34.21,USD,SUPP_006,INTERMITTENT
SKU_00367,VoltMax Electronics Item 367,Electronics,VoltMax,91.0,148.59,USD,SUPP_007,MEDIUM
SKU_00368,UrbanFit Fashion Item 368,Fashion,UrbanFit,57.18,134.75,USD,SUPP_008,SLOW
SKU_00369,DermaCare Beauty Item 369,Beauty,DermaCare,23.92,65.82,USD,SUPP_009,HIGH
SKU_00370,ArtisanWood Home Item 370,Home,ArtisanWood,48.68,103.72,USD,SUPP_010,NEW_LAUNCH
SKU_00371,PeakPerformance Sports Item 371,Sports,PeakPerformance,45.91,91.04,USD,SUPP_011,SLOW
SKU_00372,DailyBite Grocery Item 372,Grocery,DailyBite,18.88,26.05,USD,SUPP_012,SLOW
SKU_00373,OptiView Electronics Item 373,Electronics,OptiView,80.73,118.98,USD,SUPP_013,HIGH
SKU_00374,SoleCraft Fashion Item 374,Fashion,SoleCraft,33.88,85.54,USD,SUPP_014,INTERMITTENT
SKU_00375,PureGlow Beauty Item 375,Beauty,PureGlow,20.28,100.88,USD,SUPP_015,HIGH
SKU_00376,NordicLiving Home Item 376,Home,NordicLiving,66.06,130.96,USD,SUPP_016,MEDIUM
SKU_00377,AquaPulse Sports Item 377,Sports,AquaPulse,17.21,39.89,USD,SUPP_017,HIGH
SKU_00378,VitalOrganics Grocery Item 378,Grocery,VitalOrganics,8.02,12.26,USD,SUPP_018,SLOW
SKU_00379,OptiView Electronics Item 379,Electronics,OptiView,294.97,486.59,USD,SUPP_019,MEDIUM
SKU_00380,UrbanFit Fashion Item 380,Fashion,UrbanFit,54.63,134.93,USD,SUPP_020,INTERMITTENT
SKU_00381,LuxeEssence Beauty Item 381,Beauty,LuxeEssence,33.78,124.94,USD,SUPP_001,SLOW
SKU_00382,NestHaven Home Item 382,Home,NestHaven,97.08,188.74,USD,SUPP_002,HIGH
SKU_00383,IronCore Sports Item 383,Sports,IronCore,78.79,185.92,USD,SUPP_003,HIGH
SKU_00384,DailyBite Grocery Item 384,Grocery,DailyBite,10.65,16.37,USD,SUPP_004,HIGH
SKU_00385,HyperTech Electronics Item 385,Electronics,HyperTech,289.36,462.37,USD,SUPP_005,SLOW
SKU_00386,AeroStyle Fashion Item 386,Fashion,AeroStyle,30.1,89.17,USD,SUPP_006,SLOW
SKU_00387,DermaCare Beauty Item 387,Beauty,DermaCare,30.78,99.92,USD,SUPP_007,MEDIUM
SKU_00388,NordicLiving Home Item 388,Home,NordicLiving,37.63,83.44,USD,SUPP_008,SLOW
SKU_00389,IronCore Sports Item 389,Sports,IronCore,27.49,64.74,USD,SUPP_009,HIGH
SKU_00390,NatureHarvest Grocery Item 390,Grocery,NatureHarvest,19.44,31.57,USD,SUPP_010,SLOW
SKU_00391,OptiView Electronics Item 391,Electronics,OptiView,59.9,117.73,USD,SUPP_011,INTERMITTENT
SKU_00392,Loom & Thread Fashion Item 392,Fashion,Loom & Thread,16.03,34.81,USD,SUPP_012,SLOW
SKU_00393,DermaCare Beauty Item 393,Beauty,DermaCare,23.53,105.31,USD,SUPP_013,SLOW
SKU_00394,ChefCraft Home Item 394,Home,ChefCraft,94.86,206.95,USD,SUPP_014,SLOW
SKU_00395,AquaPulse Sports Item 395,Sports,AquaPulse,39.9,87.82,USD,SUPP_015,HIGH
SKU_00396,NatureHarvest Grocery Item 396,Grocery,NatureHarvest,6.24,8.8,USD,SUPP_016,MEDIUM
SKU_00397,VoltMax Electronics Item 397,Electronics,VoltMax,64.36,109.09,USD,SUPP_017,HIGH
SKU_00398,Loom & Thread Fashion Item 398,Fashion,Loom & Thread,44.66,91.89,USD,SUPP_018,SLOW
SKU_00399,DermaCare Beauty Item 399,Beauty,DermaCare,32.38,129.31,USD,SUPP_019,SLOW
SKU_00400,ChefCraft Home Item 400,Home,ChefCraft,100.58,197.08,USD,SUPP_020,SLOW
SKU_00401,IronCore Sports Item 401,Sports,IronCore,30.78,64.42,USD,SUPP_001,INTERMITTENT
SKU_00402,FarmSelect Grocery Item 402,Grocery,FarmSelect,6.88,10.12,USD,SUPP_002,MEDIUM
SKU_00403,SoundPulse Electronics Item 403,Electronics,SoundPulse,95.05,172.93,USD,SUPP_003,SLOW
SKU_00404,Loom & Thread Fashion Item 404,Fashion,Loom & Thread,24.32,54.6,USD,SUPP_004,MEDIUM
SKU_00405,DermaCare Beauty Item 405,Beauty,DermaCare,20.36,59.99,USD,SUPP_005,MEDIUM
SKU_00406,NestHaven Home Item 406,Home,NestHaven,53.77,97.27,USD,SUPP_006,SLOW
SKU_00407,TrailMaster Sports Item 407,Sports,TrailMaster,84.54,187.69,USD,SUPP_007,NEW_LAUNCH
SKU_00408,FarmSelect Grocery Item 408,Grocery,FarmSelect,17.15,27.66,USD,SUPP_008,SLOW
SKU_00409,OptiView Electronics Item 409,Electronics,OptiView,195.65,374.78,USD,SUPP_009,HIGH
SKU_00410,SoleCraft Fashion Item 410,Fashion,SoleCraft,55.25,161.69,USD,SUPP_010,SLOW
SKU_00411,DermaCare Beauty Item 411,Beauty,DermaCare,7.84,19.76,USD,SUPP_011,HIGH
SKU_00412,ChefCraft Home Item 412,Home,ChefCraft,65.11,129.92,USD,SUPP_012,INTERMITTENT
SKU_00413,IronCore Sports Item 413,Sports,IronCore,56.32,128.13,USD,SUPP_013,SLOW
SKU_00414,VitalOrganics Grocery Item 414,Grocery,VitalOrganics,21.41,29.18,USD,SUPP_014,MEDIUM
SKU_00415,OptiView Electronics Item 415,Electronics,OptiView,244.11,460.21,USD,SUPP_015,HIGH
SKU_00416,UrbanFit Fashion Item 416,Fashion,UrbanFit,59.73,183.55,USD,SUPP_016,MEDIUM
SKU_00417,PureGlow Beauty Item 417,Beauty,PureGlow,16.0,50.05,USD,SUPP_017,NEW_LAUNCH
SKU_00418,ArtisanWood Home Item 418,Home,ArtisanWood,43.15,90.13,USD,SUPP_018,SLOW
SKU_00419,TrailMaster Sports Item 419,Sports,TrailMaster,38.88,88.65,USD,SUPP_019,SLOW
SKU_00420,FarmSelect Grocery Item 420,Grocery,FarmSelect,9.52,13.14,USD,SUPP_020,SLOW
SKU_00421,VoltMax Electronics Item 421,Electronics,VoltMax,45.65,89.49,USD,SUPP_001,SLOW
SKU_00422,UrbanFit Fashion Item 422,Fashion,UrbanFit,28.95,86.89,USD,SUPP_002,HIGH
SKU_00423,PureGlow Beauty Item 423,Beauty,PureGlow,11.72,32.12,USD,SUPP_003,INTERMITTENT
SKU_00424,NordicLiving Home Item 424,Home,NordicLiving,100.26,183.27,USD,SUPP_004,MEDIUM
SKU_00425,AquaPulse Sports Item 425,Sports,AquaPulse,22.92,55.3,USD,SUPP_005,SLOW
SKU_00426,FarmSelect Grocery Item 426,Grocery,FarmSelect,20.92,29.27,USD,SUPP_006,SLOW
SKU_00427,HyperTech Electronics Item 427,Electronics,HyperTech,290.42,448.82,USD,SUPP_007,SLOW
SKU_00428,Loom & Thread Fashion Item 428,Fashion,Loom & Thread,30.36,73.42,USD,SUPP_008,INTERMITTENT
SKU_00429,LuxeEssence Beauty Item 429,Beauty,LuxeEssence,32.15,130.89,USD,SUPP_009,HIGH
SKU_00430,ChefCraft Home Item 430,Home,ChefCraft,54.72,126.38,USD,SUPP_010,SLOW
SKU_00431,AquaPulse Sports Item 431,Sports,AquaPulse,12.34,28.32,USD,SUPP_011,MEDIUM
SKU_00432,NatureHarvest Grocery Item 432,Grocery,NatureHarvest,24.87,33.42,USD,SUPP_012,SLOW
SKU_00433,VoltMax Electronics Item 433,Electronics,VoltMax,170.11,316.18,USD,SUPP_013,HIGH
SKU_00434,UrbanFit Fashion Item 434,Fashion,UrbanFit,12.63,30.0,USD,SUPP_014,HIGH
SKU_00435,DermaCare Beauty Item 435,Beauty,DermaCare,18.0,49.69,USD,SUPP_015,MEDIUM
SKU_00436,NordicLiving Home Item 436,Home,NordicLiving,35.53,68.59,USD,SUPP_016,MEDIUM
SKU_00437,IronCore Sports Item 437,Sports,IronCore,79.22,187.93,USD,SUPP_017,MEDIUM
SKU_00438,VitalOrganics Grocery Item 438,Grocery,VitalOrganics,18.19,30.19,USD,SUPP_018,SLOW
SKU_00439,VoltMax Electronics Item 439,Electronics,VoltMax,138.91,269.56,USD,SUPP_019,SLOW
SKU_00440,Loom & Thread Fashion Item 440,Fashion,Loom & Thread,20.79,58.72,USD,SUPP_020,MEDIUM
SKU_00441,PureGlow Beauty Item 441,Beauty,PureGlow,8.42,27.48,USD,SUPP_001,MEDIUM
SKU_00442,ArtisanWood Home Item 442,Home,ArtisanWood,36.06,64.06,USD,SUPP_002,MEDIUM
SKU_00443,IronCore Sports Item 443,Sports,IronCore,34.58,88.49,USD,SUPP_003,SLOW
SKU_00444,VitalOrganics Grocery Item 444,Grocery,VitalOrganics,22.97,36.48,USD,SUPP_004,MEDIUM
SKU_00445,OptiView Electronics Item 445,Electronics,OptiView,104.02,160.26,USD,SUPP_005,HIGH
SKU_00446,Loom & Thread Fashion Item 446,Fashion,Loom & Thread,15.02,48.26,USD,SUPP_006,MEDIUM
SKU_00447,LuxeEssence Beauty Item 447,Beauty,LuxeEssence,12.86,55.75,USD,SUPP_007,SLOW
SKU_00448,ChefCraft Home Item 448,Home,ChefCraft,56.92,95.99,USD,SUPP_008,MEDIUM
SKU_00449,PeakPerformance Sports Item 449,Sports,PeakPerformance,61.86,157.24,USD,SUPP_009,SLOW
SKU_00450,NatureHarvest Grocery Item 450,Grocery,NatureHarvest,7.64,12.48,USD,SUPP_010,SLOW
SKU_00451,OptiView Electronics Item 451,Electronics,OptiView,259.06,395.83,USD,SUPP_011,SLOW
SKU_00452,SoleCraft Fashion Item 452,Fashion,SoleCraft,10.63,32.56,USD,SUPP_012,SLOW
SKU_00453,LuxeEssence Beauty Item 453,Beauty,LuxeEssence,26.66,107.5,USD,SUPP_013,SLOW
SKU_00454,ChefCraft Home Item 454,Home,ChefCraft,28.47,64.15,USD,SUPP_014,MEDIUM
SKU_00455,PeakPerformance Sports Item 455,Sports,PeakPerformance,68.81,149.02,USD,SUPP_015,SLOW
SKU_00456,FarmSelect Grocery Item 456,Grocery,FarmSelect,22.29,33.22,USD,SUPP_016,SLOW
SKU_00457,HyperTech Electronics Item 457,Electronics,HyperTech,251.54,457.24,USD,SUPP_017,MEDIUM
SKU_00458,AeroStyle Fashion Item 458,Fashion,AeroStyle,22.97,48.21,USD,SUPP_018,SLOW
SKU_00459,BioBotanicals Beauty Item 459,Beauty,BioBotanicals,22.6,75.6,USD,SUPP_019,MEDIUM
SKU_00460,NestHaven Home Item 460,Home,NestHaven,76.18,146.22,USD,SUPP_020,SLOW
SKU_00461,AquaPulse Sports Item 461,Sports,AquaPulse,83.23,166.24,USD,SUPP_001,SLOW
SKU_00462,FarmSelect Grocery Item 462,Grocery,FarmSelect,19.2,29.62,USD,SUPP_002,INTERMITTENT
SKU_00463,SoundPulse Electronics Item 463,Electronics,SoundPulse,80.9,149.55,USD,SUPP_003,INTERMITTENT
SKU_00464,AeroStyle Fashion Item 464,Fashion,AeroStyle,57.95,162.95,USD,SUPP_004,SLOW
SKU_00465,BioBotanicals Beauty Item 465,Beauty,BioBotanicals,39.45,119.69,USD,SUPP_005,SLOW
SKU_00466,ArtisanWood Home Item 466,Home,ArtisanWood,82.01,162.33,USD,SUPP_006,SLOW
SKU_00467,PeakPerformance Sports Item 467,Sports,PeakPerformance,19.32,41.32,USD,SUPP_007,MEDIUM
SKU_00468,FarmSelect Grocery Item 468,Grocery,FarmSelect,22.26,31.47,USD,SUPP_008,SLOW
SKU_00469,OptiView Electronics Item 469,Electronics,OptiView,133.35,264.58,USD,SUPP_009,SLOW
SKU_00470,SoleCraft Fashion Item 470,Fashion,SoleCraft,53.94,122.66,USD,SUPP_010,HIGH
SKU_00471,PureGlow Beauty Item 471,Beauty,PureGlow,16.79,60.24,USD,SUPP_011,HIGH
SKU_00472,ArtisanWood Home Item 472,Home,ArtisanWood,84.14,193.83,USD,SUPP_012,SLOW
SKU_00473,AquaPulse Sports Item 473,Sports,AquaPulse,29.17,71.56,USD,SUPP_013,HIGH
SKU_00474,NatureHarvest Grocery Item 474,Grocery,NatureHarvest,15.4,22.79,USD,SUPP_014,MEDIUM
SKU_00475,SoundPulse Electronics Item 475,Electronics,SoundPulse,124.03,235.36,USD,SUPP_015,MEDIUM
SKU_00476,UrbanFit Fashion Item 476,Fashion,UrbanFit,9.61,22.84,USD,SUPP_016,MEDIUM
SKU_00477,DermaCare Beauty Item 477,Beauty,DermaCare,6.78,27.11,USD,SUPP_017,MEDIUM
SKU_00478,ArtisanWood Home Item 478,Home,ArtisanWood,42.05,98.55,USD,SUPP_018,SLOW
SKU_00479,PeakPerformance Sports Item 479,Sports,PeakPerformance,81.09,160.0,USD,SUPP_019,HIGH
SKU_00480,DailyBite Grocery Item 480,Grocery,DailyBite,14.69,23.2,USD,SUPP_020,SLOW
SKU_00481,HyperTech Electronics Item 481,Electronics,HyperTech,92.3,132.89,USD,SUPP_001,INTERMITTENT
SKU_00482,UrbanFit Fashion Item 482,Fashion,UrbanFit,57.84,161.57,USD,SUPP_002,MEDIUM
SKU_00483,PureGlow Beauty Item 483,Beauty,PureGlow,31.04,105.69,USD,SUPP_003,MEDIUM
SKU_00484,NordicLiving Home Item 484,Home,NordicLiving,64.99,127.41,USD,SUPP_004,SLOW
SKU_00485,PeakPerformance Sports Item 485,Sports,PeakPerformance,27.72,74.44,USD,SUPP_005,HIGH
SKU_00486,DailyBite Grocery Item 486,Grocery,DailyBite,20.86,29.9,USD,SUPP_006,MEDIUM
SKU_00487,HyperTech Electronics Item 487,Electronics,HyperTech,68.08,134.67,USD,SUPP_007,NEW_LAUNCH
SKU_00488,AeroStyle Fashion Item 488,Fashion,AeroStyle,54.95,174.1,USD,SUPP_008,NEW_LAUNCH
SKU_00489,BioBotanicals Beauty Item 489,Beauty,BioBotanicals,10.92,30.53,USD,SUPP_009,SLOW
SKU_00490,ChefCraft Home Item 490,Home,ChefCraft,24.45,42.45,USD,SUPP_010,MEDIUM
SKU_00491,IronCore Sports Item 491,Sports,IronCore,89.21,166.69,USD,SUPP_011,SLOW
SKU_00492,NatureHarvest Grocery Item 492,Grocery,NatureHarvest,5.92,9.46,USD,SUPP_012,SLOW
SKU_00493,OptiView Electronics Item 493,Electronics,OptiView,239.09,416.67,USD,SUPP_013,MEDIUM
SKU_00494,AeroStyle Fashion Item 494,Fashion,AeroStyle,53.87,144.69,USD,SUPP_014,SLOW
SKU_00495,DermaCare Beauty Item 495,Beauty,DermaCare,29.95,96.45,USD,SUPP_015,HIGH
SKU_00496,NordicLiving Home Item 496,Home,NordicLiving,51.34,101.37,USD,SUPP_016,MEDIUM
SKU_00497,PeakPerformance Sports Item 497,Sports,PeakPerformance,74.13,148.9,USD,SUPP_017,SLOW
SKU_00498,NatureHarvest Grocery Item 498,Grocery,NatureHarvest,6.38,8.95,USD,SUPP_018,MEDIUM
SKU_00499,HyperTech Electronics Item 499,Electronics,HyperTech,119.15,211.71,USD,SUPP_019,MEDIUM
SKU_00500,SoleCraft Fashion Item 500,Fashion,SoleCraft,52.53,108.43,USD,SUPP_020,SLOW
